id,nom,gym,secteur,couleur,cotation_officielle,date_ouverture,date_retrait
b0002,DA-0002,Rose Bloc Vieux-Longueuil,Dalle,Vert,V3,2026-01-21,2026-04-08
b0004,CO-0004,Rose Bloc Vieux-Longueuil,Competition,Bleu,V5,2026-01-21,2026-04-09
b0005,TR-0005,Rose Bloc Vieux-Longueuil,Traverse,Bleu,V6,2026-01-21,2026-04-08
b0006,AR-0006,Rose Bloc Vieux-Longueuil,Arete,Bleu,V6,2026-01-21,2026-04-07
b0010,DA-0010,Rose Bloc Vieux-Longueuil,Dalle,Jaune,V2,2026-01-21,2026-04-05
b0012,CO-0012,Rose Bloc Vieux-Longueuil,Competition,Jaune,V2,2026-01-21,2026-04-02
b0013,TR-0013,Rose Bloc Vieux-Longueuil,Traverse,Vert,V3,2026-01-21,2026-04-10
b0016,TO-0016,Rose Bloc Vieux-Longueuil,Toit,Bleu,V6,2026-01-21,2026-04-05
b0020,CO-0020,Rose Bloc Vieux-Longueuil,Competition,Noir,V10,2026-01-21,2026-04-10
b0021,TR-0021,Rose Bloc Vieux-Longueuil,Traverse,Jaune,V2,2026-01-21,2026-04-08
b0022,AR-0022,Rose Bloc Vieux-Longueuil,Arete,Vert,V4,2026-01-21,2026-04-05
b0026,DA-0026,Rose Bloc Vieux-Longueuil,Dalle,Rouge,V7,2026-01-21,2026-04-09
b0030,AR-0030,Rose Bloc Vieux-Longueuil,Arete,Jaune,V2,2026-01-21,2026-04-11
b0032,TO-0032,Rose Bloc Vieux-Longueuil,Toit,Vert,V3,2026-01-21,2026-04-03
b0033,CA-0033,Rose Bloc Vieux-Longueuil,Cave,Bleu,V5,2026-01-21,2026-04-06
b0034,DA-0034,Rose Bloc Vieux-Longueuil,Dalle,Bleu,V6,2026-01-21,2026-04-09
b0044,CO-0044,Rose Bloc Vieux-Longueuil,Competition,Rouge,V6,2026-01-21,2026-04-09
b0045,TR-0045,Rose Bloc Vieux-Longueuil,Traverse,Rouge,V7,2026-01-21,2026-04-02
b0046,AR-0046,Rose Bloc Vieux-Longueuil,Arete,Rouge,V8,2026-01-21,2026-04-11
b0047,PR-0047,Rose Bloc Vieux-Longueuil,Prow,Noir,V9,2026-01-21,2026-04-11
b0048,TO-0048,Rose Bloc Vieux-Longueuil,Toit,Rouge,V8,2026-01-21,2026-04-06
b0051,CA-0051,Rose Bloc Vieux-Longueuil,Cave,Jaune,V2,2026-02-20,2026-04-28
b0052,DA-0052,Rose Bloc Vieux-Longueuil,Dalle,Vert,V3,2026-02-20,2026-04-28
b0053,DE-0053,Rose Bloc Vieux-Longueuil,Devers,Vert,V3,2026-02-20,2026-04-29
b0054,CO-0054,Rose Bloc Vieux-Longueuil,Competition,Vert,V4,2026-02-20,2026-05-03
b0055,TR-0055,Rose Bloc Vieux-Longueuil,Traverse,Bleu,V6,2026-02-20,2026-04-29
b0056,AR-0056,Rose Bloc Vieux-Longueuil,Arete,Rouge,V8,2026-02-20,2026-04-25
b0057,PR-0057,Rose Bloc Vieux-Longueuil,Prow,Rouge,V8,2026-02-20,2026-05-01
b0058,TO-0058,Rose Bloc Vieux-Longueuil,Toit,Rouge,V8,2026-02-20,2026-05-01
b0059,CA-0059,Rose Bloc Vieux-Longueuil,Cave,Noir,V10,2026-02-20,2026-05-02
b0060,DA-0060,Rose Bloc Vieux-Longueuil,Dalle,Jaune,V2,2026-02-20,2026-04-29
b0061,DE-0061,Rose Bloc Vieux-Longueuil,Devers,Vert,V3,2026-02-20,2026-05-01
b0062,CO-0062,Rose Bloc Vieux-Longueuil,Competition,Vert,V4,2026-02-20,2026-05-07
b0063,TR-0063,Rose Bloc Vieux-Longueuil,Traverse,Vert,V3,2026-02-20,2026-04-24
b0064,AR-0064,Rose Bloc Vieux-Longueuil,Arete,Vert,V4,2026-02-20,2026-04-26
b0065,PR-0065,Rose Bloc Vieux-Longueuil,Prow,Noir,V6,2026-02-20,2026-05-10
b0066,TO-0066,Rose Bloc Vieux-Longueuil,Toit,Bleu,V6,2026-02-20,2026-05-03
b0067,CA-0067,Rose Bloc Vieux-Longueuil,Cave,Noir,V9,2026-02-20,2026-04-26
b0068,DA-0068,Rose Bloc Vieux-Longueuil,Dalle,Noir,V10,2026-02-20,2026-05-04
b0069,DE-0069,Rose Bloc Vieux-Longueuil,Devers,Jaune,V1,2026-02-20,2026-05-02
b0070,CO-0070,Rose Bloc Vieux-Longueuil,Competition,Noir,V10,2026-02-20,2026-04-28
b0071,TR-0071,Rose Bloc Vieux-Longueuil,Traverse,Vert,V3,2026-02-20,2026-05-10
b0072,AR-0072,Rose Bloc Vieux-Longueuil,Arete,Vert,V3,2026-02-20,2026-04-26
b0073,PR-0073,Rose Bloc Vieux-Longueuil,Prow,Bleu,V5,2026-02-20,2026-05-03
b0074,TO-0074,Rose Bloc Vieux-Longueuil,Toit,Rouge,V5,2026-02-20,2026-05-01
b0075,CA-0075,Rose Bloc Vieux-Longueuil,Cave,Bleu,V5,2026-02-20,2026-04-30
b0076,DA-0076,Rose Bloc Vieux-Longueuil,Dalle,Rouge,V7,2026-02-20,2026-05-05
b0077,DE-0077,Rose Bloc Vieux-Longueuil,Devers,Rouge,V8,2026-02-20,2026-04-23
b0078,CO-0078,Rose Bloc Vieux-Longueuil,Competition,Rouge,V8,2026-02-20,2026-04-25
b0079,TR-0079,Rose Bloc Vieux-Longueuil,Traverse,Noir,V10,2026-02-20,2026-05-06
b0080,AR-0080,Rose Bloc Vieux-Longueuil,Arete,Vert,V2,2026-02-20,2026-05-07
b0081,PR-0081,Rose Bloc Vieux-Longueuil,Prow,Vert,V3,2026-02-20,2026-04-26
b0082,TO-0082,Rose Bloc Vieux-Longueuil,Toit,Jaune,V2,2026-02-20,2026-05-02
b0083,CA-0083,Rose Bloc Vieux-Longueuil,Cave,Bleu,V5,2026-02-20,2026-04-25
b0084,DA-0084,Rose Bloc Vieux-Longueuil,Dalle,Bleu,V6,2026-02-20,2026-05-06
b0085,DE-0085,Rose Bloc Vieux-Longueuil,Devers,Rouge,V7,2026-02-20,2026-05-11
b0086,CO-0086,Rose Bloc Vieux-Longueuil,Competition,Vert,V6,2026-02-20,2026-04-25
b0087,TR-0087,Rose Bloc Vieux-Longueuil,Traverse,Rouge,V7,2026-02-20,2026-05-09
b0088,AR-0088,Rose Bloc Vieux-Longueuil,Arete,Rouge,V8,2026-02-20,2026-04-24
b0089,PR-0089,Rose Bloc Vieux-Longueuil,Prow,Noir,V9,2026-02-20,2026-05-07
b0090,TO-0090,Rose Bloc Vieux-Longueuil,Toit,Jaune,V2,2026-02-20,2026-05-01
b0091,CA-0091,Rose Bloc Vieux-Longueuil,Cave,Vert,V3,2026-02-20,2026-04-27
b0092,DA-0092,Rose Bloc Vieux-Longueuil,Dalle,Rouge,V4,2026-02-20,2026-04-22
b0093,DE-0093,Rose Bloc Vieux-Longueuil,Devers,Vert,V3,2026-02-20,2026-05-02
b0094,CO-0094,Rose Bloc Vieux-Longueuil,Competition,Bleu,V6,2026-02-20,2026-05-10
b0095,TR-0095,Rose Bloc Vieux-Longueuil,Traverse,Bleu,V6,2026-02-20,2026-04-30
b0096,AR-0096,Rose Bloc Vieux-Longueuil,Arete,Bleu,V6,2026-02-20,2026-04-30
b0097,PR-0097,Rose Bloc Vieux-Longueuil,Prow,Noir,V9,2026-02-20,2026-05-02
b0098,TO-0098,Rose Bloc Vieux-Longueuil,Toit,Noir,V10,2026-02-20,2026-05-05
b0099,CA-0099,Rose Bloc Vieux-Longueuil,Cave,Noir,V10,2026-02-20,2026-04-23
b0100,DA-0100,Rose Bloc Vieux-Longueuil,Dalle,Noir,V10,2026-02-20,2026-04-30
b0101,CA-0101,Rose Bloc Vieux-Longueuil,Cave,Jaune,V1,2026-03-22,2026-05-28
b0102,DA-0102,Rose Bloc Vieux-Longueuil,Dalle,Noir,V2,2026-03-22,2026-05-25
b0103,DE-0103,Rose Bloc Vieux-Longueuil,Devers,Bleu,V4,2026-03-22,2026-06-10
b0104,CO-0104,Rose Bloc Vieux-Longueuil,Competition,Bleu,V5,2026-03-22,2026-06-07
b0105,TR-0105,Rose Bloc Vieux-Longueuil,Traverse,Bleu,V6,2026-03-22,2026-06-01
b0106,AR-0106,Rose Bloc Vieux-Longueuil,Arete,Rouge,V7,2026-03-22,2026-05-21
b0107,PR-0107,Rose Bloc Vieux-Longueuil,Prow,Rouge,V8,2026-03-22,2026-05-27
b0108,TO-0108,Rose Bloc Vieux-Longueuil,Toit,Rouge,V8,2026-03-22,2026-05-25
b0109,CA-0109,Rose Bloc Vieux-Longueuil,Cave,Noir,V9,2026-03-22,2026-05-22
b0110,DA-0110,Rose Bloc Vieux-Longueuil,Dalle,Noir,V10,2026-03-22,2026-06-01
b0111,DE-0111,Rose Bloc Vieux-Longueuil,Devers,Jaune,V2,2026-03-22,2026-06-01
b0112,CO-0112,Rose Bloc Vieux-Longueuil,Competition,Vert,V3,2026-03-22,2026-05-21
b0113,TR-0113,Rose Bloc Vieux-Longueuil,Traverse,Bleu,V5,2026-03-22,2026-06-04
b0114,AR-0114,Rose Bloc Vieux-Longueuil,Arete,Bleu,V6,2026-03-22,2026-05-26
b0115,PR-0115,Rose Bloc Vieux-Longueuil,Prow,Bleu,V5,2026-03-22,2026-05-23
b0116,TO-0116,Rose Bloc Vieux-Longueuil,Toit,Noir,V7,2026-03-22,2026-06-03
b0117,CA-0117,Rose Bloc Vieux-Longueuil,Cave,Noir,V9,2026-03-22,2026-06-07
b0118,DA-0118,Rose Bloc Vieux-Longueuil,Dalle,Noir,V9,2026-03-22,2026-06-03
b0119,DE-0119,Rose Bloc Vieux-Longueuil,Devers,Jaune,V1,2026-03-22,2026-05-22
b0120,CO-0120,Rose Bloc Vieux-Longueuil,Competition,Noir,V10,2026-03-22,2026-06-02
b0121,TR-0121,Rose Bloc Vieux-Longueuil,Traverse,Vert,V3,2026-03-22,2026-06-10
b0122,AR-0122,Rose Bloc Vieux-Longueuil,Arete,Noir,V4,2026-03-22,2026-06-03
b0123,PR-0123,Rose Bloc Vieux-Longueuil,Prow,Vert,V4,2026-03-22,2026-06-01
b0124,TO-0124,Rose Bloc Vieux-Longueuil,Toit,Bleu,V5,2026-03-22,2026-05-21
b0125,CA-0125,Rose Bloc Vieux-Longueuil,Cave,Bleu,V5,2026-03-22,2026-06-08
b0126,DA-0126,Rose Bloc Vieux-Longueuil,Dalle,Rouge,V7,2026-03-22,2026-05-29
b0127,DE-0127,Rose Bloc Vieux-Longueuil,Devers,Noir,V9,2026-03-22,2026-06-09
b0128,CO-0128,Rose Bloc Vieux-Longueuil,Competition,Rouge,V8,2026-03-22,2026-06-02
b0129,TR-0129,Rose Bloc Vieux-Longueuil,Traverse,Noir,V9,2026-03-22,2026-05-21
b0130,AR-0130,Rose Bloc Vieux-Longueuil,Arete,Jaune,V2,2026-03-22,2026-06-01
b0131,PR-0131,Rose Bloc Vieux-Longueuil,Prow,Jaune,V1,2026-03-22,2026-05-23
b0132,TO-0132,Rose Bloc Vieux-Longueuil,Toit,Jaune,V2,2026-03-22,2026-06-04
b0133,CA-0133,Rose Bloc Vieux-Longueuil,Cave,Bleu,V5,2026-03-22,2026-05-30
b0134,DA-0134,Rose Bloc Vieux-Longueuil,Dalle,Bleu,V6,2026-03-22,2026-05-23
b0135,DE-0135,Rose Bloc Vieux-Longueuil,Devers,Rouge,V7,2026-03-22,2026-05-25
b0136,CO-0136,Rose Bloc Vieux-Longueuil,Competition,Bleu,V6,2026-03-22,2026-06-04
b0137,TR-0137,Rose Bloc Vieux-Longueuil,Traverse,Noir,V9,2026-03-22,2026-06-05
b0138,AR-0138,Rose Bloc Vieux-Longueuil,Arete,Rouge,V8,2026-03-22,2026-05-24
b0139,PR-0139,Rose Bloc Vieux-Longueuil,Prow,Jaune,V1,2026-03-22,2026-06-04
b0140,TO-0140,Rose Bloc Vieux-Longueuil,Toit,Noir,V10,2026-03-22,2026-05-21
b0141,CA-0141,Rose Bloc Vieux-Longueuil,Cave,Jaune,V2,2026-03-22,2026-06-10
b0142,DA-0142,Rose Bloc Vieux-Longueuil,Dalle,Vert,V3,2026-03-22,2026-05-28
b0143,DE-0143,Rose Bloc Vieux-Longueuil,Devers,Vert,V3,2026-03-22,2026-06-03
b0144,CO-0144,Rose Bloc Vieux-Longueuil,Competition,Jaune,V6,2026-03-22,2026-06-07
b0145,TR-0145,Rose Bloc Vieux-Longueuil,Traverse,Bleu,V6,2026-03-22,2026-05-26
b0146,AR-0146,Rose Bloc Vieux-Longueuil,Arete,Rouge,V8,2026-03-22,2026-05-24
b0147,PR-0147,Rose Bloc Vieux-Longueuil,Prow,Rouge,V7,2026-03-22,2026-06-09
b0148,TO-0148,Rose Bloc Vieux-Longueuil,Toit,Noir,V10,2026-03-22,2026-05-26
b0149,CA-0149,Rose Bloc Vieux-Longueuil,Cave,Noir,V10,2026-03-22,2026-06-04
b0150,DA-0150,Rose Bloc Vieux-Longueuil,Dalle,Noir,V10,2026-03-22,2026-05-30
b0151,CA-0151,Rose Bloc Vieux-Longueuil,Cave,Vert,V3,2026-04-21,2026-06-25
b0152,DA-0152,Rose Bloc Vieux-Longueuil,Dalle,Jaune,V2,2026-04-21,2026-07-08
b0153,DE-0153,Rose Bloc Vieux-Longueuil,Devers,Bleu,V5,2026-04-21,2026-07-02
b0154,CO-0154,Rose Bloc Vieux-Longueuil,Competition,Bleu,V6,2026-04-21,2026-07-01
b0155,TR-0155,Rose Bloc Vieux-Longueuil,Traverse,Bleu,V6,2026-04-21,2026-06-26
b0156,AR-0156,Rose Bloc Vieux-Longueuil,Arete,Rouge,V7,2026-04-21,2026-06-21
b0157,PR-0157,Rose Bloc Vieux-Longueuil,Prow,Rouge,V7,2026-04-21,2026-06-20
b0158,TO-0158,Rose Bloc Vieux-Longueuil,Toit,Noir,V10,2026-04-21,2026-06-26
b0159,CA-0159,Rose Bloc Vieux-Longueuil,Cave,Jaune,V1,2026-04-21,2026-06-25
b0160,DA-0160,Rose Bloc Vieux-Longueuil,Dalle,Jaune,V2,2026-04-21,2026-07-01
b0161,DE-0161,Rose Bloc Vieux-Longueuil,Devers,Vert,V3,2026-04-21,2026-07-03
b0162,CO-0162,Rose Bloc Vieux-Longueuil,Competition,Jaune,V4,2026-04-21,2026-07-06
b0163,TR-0163,Rose Bloc Vieux-Longueuil,Traverse,Jaune,V3,2026-04-21,2026-06-25
b0164,AR-0164,Rose Bloc Vieux-Longueuil,Arete,Bleu,V5,2026-04-21,2026-07-09
b0165,PR-0165,Rose Bloc Vieux-Longueuil,Prow,Bleu,V6,2026-04-21,2026-07-10
b0166,TO-0166,Rose Bloc Vieux-Longueuil,Toit,Vert,V6,2026-04-21,2026-06-27
b0167,CA-0167,Rose Bloc Vieux-Longueuil,Cave,Rouge,V7,2026-04-21,2026-07-08
b0168,DA-0168,Rose Bloc Vieux-Longueuil,Dalle,Rouge,V8,2026-04-21,2026-06-24
b0169,DE-0169,Rose Bloc Vieux-Longueuil,Devers,Jaune,V1,2026-04-21,2026-07-06
b0170,CO-0170,Rose Bloc Vieux-Longueuil,Competition,Jaune,V2,2026-04-21,2026-07-06
b0171,TR-0171,Rose Bloc Vieux-Longueuil,Traverse,Jaune,V2,2026-04-21,2026-07-08
b0172,AR-0172,Rose Bloc Vieux-Longueuil,Arete,Vert,V3,2026-04-21,2026-06-29
b0173,PR-0173,Rose Bloc Vieux-Longueuil,Prow,Vert,V3,2026-04-21,2026-06-29
b0174,TO-0174,Rose Bloc Vieux-Longueuil,Toit,Vert,V4,2026-04-21,2026-07-03
b0175,CA-0175,Rose Bloc Vieux-Longueuil,Cave,Bleu,V5,2026-04-21,2026-06-26
b0176,DA-0176,Rose Bloc Vieux-Longueuil,Dalle,Rouge,V8,2026-04-21,2026-07-04
b0177,DE-0177,Rose Bloc Vieux-Longueuil,Devers,Rouge,V7,2026-04-21,2026-06-22
b0178,CO-0178,Rose Bloc Vieux-Longueuil,Competition,Noir,V10,2026-04-21,2026-07-06
b0179,TR-0179,Rose Bloc Vieux-Longueuil,Traverse,Noir,V10,2026-04-21,2026-07-07
b0180,AR-0180,Rose Bloc Vieux-Longueuil,Arete,Jaune,V1,2026-04-21,2026-07-09
b0181,PR-0181,Rose Bloc Vieux-Longueuil,Prow,Vert,V3,2026-04-21,2026-06-27
b0182,TO-0182,Rose Bloc Vieux-Longueuil,Toit,Vert,V3,2026-04-21,2026-06-23
b0183,CA-0183,Rose Bloc Vieux-Longueuil,Cave,Vert,V3,2026-04-21,2026-07-10
b0184,DA-0184,Rose Bloc Vieux-Longueuil,Dalle,Vert,V4,2026-04-21,2026-07-09
b0185,DE-0185,Rose Bloc Vieux-Longueuil,Devers,Bleu,V5,2026-04-21,2026-07-02
b0186,CO-0186,Rose Bloc Vieux-Longueuil,Competition,Rouge,V7,2026-04-21,2026-07-04
b0187,TR-0187,Rose Bloc Vieux-Longueuil,Traverse,Rouge,V8,2026-04-21,2026-07-05
b0188,AR-0188,Rose Bloc Vieux-Longueuil,Arete,Noir,V10,2026-04-21,2026-06-20
b0189,PR-0189,Rose Bloc Vieux-Longueuil,Prow,Jaune,V1,2026-04-21,2026-06-24
b0190,TO-0190,Rose Bloc Vieux-Longueuil,Toit,Jaune,V1,2026-04-21,2026-07-02
b0191,CA-0191,Rose Bloc Vieux-Longueuil,Cave,Bleu,V1,2026-04-21,2026-07-08
b0192,DA-0192,Rose Bloc Vieux-Longueuil,Dalle,Jaune,V2,2026-04-21,2026-06-25
b0193,DE-0193,Rose Bloc Vieux-Longueuil,Devers,Vert,V4,2026-04-21,2026-06-22
b0194,CO-0194,Rose Bloc Vieux-Longueuil,Competition,Bleu,V5,2026-04-21,2026-07-08
b0195,TR-0195,Rose Bloc Vieux-Longueuil,Traverse,Rouge,V7,2026-04-21,2026-06-25
b0196,AR-0196,Rose Bloc Vieux-Longueuil,Arete,Rouge,V7,2026-04-21,2026-06-29
b0197,PR-0197,Rose Bloc Vieux-Longueuil,Prow,Vert,V7,2026-04-21,2026-07-04
b0198,TO-0198,Rose Bloc Vieux-Longueuil,Toit,Noir,V9,2026-04-21,2026-07-06
b0199,CA-0199,Rose Bloc Vieux-Longueuil,Cave,Noir,V9,2026-04-21,2026-07-02
b0200,DA-0200,Rose Bloc Vieux-Longueuil,Dalle,Jaune,V2,2026-04-21,2026-07-08
b0201,CA-0201,Rose Bloc Vieux-Longueuil,Cave,Vert,V3,2026-05-21,2026-07-25
b0202,DA-0202,Rose Bloc Vieux-Longueuil,Dalle,Vert,V4,2026-05-21,2026-08-09
b0203,DE-0203,Rose Bloc Vieux-Longueuil,Devers,Bleu,V5,2026-05-21,2026-08-09
b0204,CO-0204,Rose Bloc Vieux-Longueuil,Competition,Rouge,V6,2026-05-21,2026-08-05
b0205,TR-0205,Rose Bloc Vieux-Longueuil,Traverse,Rouge,V7,2026-05-21,2026-07-26
b0206,AR-0206,Rose Bloc Vieux-Longueuil,Arete,Bleu,V6,2026-05-21,2026-07-24
b0207,PR-0207,Rose Bloc Vieux-Longueuil,Prow,Rouge,V8,2026-05-21,2026-07-24
b0208,TO-0208,Rose Bloc Vieux-Longueuil,Toit,Rouge,V8,2026-05-21,2026-08-06
b0209,CA-0209,Rose Bloc Vieux-Longueuil,Cave,Jaune,V1,2026-05-21,2026-08-08
b0210,DA-0210,Rose Bloc Vieux-Longueuil,Dalle,Jaune,V2,2026-05-21,2026-07-23
b0211,DE-0211,Rose Bloc Vieux-Longueuil,Devers,Jaune,V2,2026-05-21,2026-08-03
b0212,CO-0212,Rose Bloc Vieux-Longueuil,Competition,Jaune,V2,2026-05-21,2026-07-27
b0213,TR-0213,Rose Bloc Vieux-Longueuil,Traverse,Rouge,V3,2026-05-21,2026-07-27
b0214,AR-0214,Rose Bloc Vieux-Longueuil,Arete,Bleu,V5,2026-05-21,2026-07-29
b0215,PR-0215,Rose Bloc Vieux-Longueuil,Prow,Rouge,V7,2026-05-21,2026-08-03
b0216,TO-0216,Rose Bloc Vieux-Longueuil,Toit,Rouge,V8,2026-05-21,2026-08-06
b0217,CA-0217,Rose Bloc Vieux-Longueuil,Cave,Rouge,V8,2026-05-21,2026-08-08
b0218,DA-0218,Rose Bloc Vieux-Longueuil,Dalle,Noir,V9,2026-05-21,2026-07-28
b0219,DE-0219,Rose Bloc Vieux-Longueuil,Devers,Jaune,V1,2026-05-21,2026-07-21
b0220,CO-0220,Rose Bloc Vieux-Longueuil,Competition,Jaune,V2,2026-05-21,2026-08-03
b0221,TR-0221,Rose Bloc Vieux-Longueuil,Traverse,Jaune,V1,2026-05-21,2026-07-24
b0222,AR-0222,Rose Bloc Vieux-Longueuil,Arete,Jaune,V2,2026-05-21,2026-07-21
b0223,PR-0223,Rose Bloc Vieux-Longueuil,Prow,Vert,V3,2026-05-21,2026-08-03
b0224,TO-0224,Rose Bloc Vieux-Longueuil,Toit,Bleu,V6,2026-05-21,2026-07-31
b0225,CA-0225,Rose Bloc Vieux-Longueuil,Cave,Bleu,V6,2026-05-21,2026-07-25
b0226,DA-0226,Rose Bloc Vieux-Longueuil,Dalle,Bleu,V6,2026-05-21,2026-07-27
b0227,DE-0227,Rose Bloc Vieux-Longueuil,Devers,Rouge,V7,2026-05-21,2026-07-22
b0228,CO-0228,Rose Bloc Vieux-Longueuil,Competition,Noir,V10,2026-05-21,2026-07-26
b0229,TR-0229,Rose Bloc Vieux-Longueuil,Traverse,Noir,V9,2026-05-21,2026-08-03
b0230,AR-0230,Rose Bloc Vieux-Longueuil,Arete,Noir,V10,2026-05-21,2026-07-24
b0231,PR-0231,Rose Bloc Vieux-Longueuil,Prow,Jaune,V2,2026-05-21,2026-07-24
b0232,TO-0232,Rose Bloc Vieux-Longueuil,Toit,Jaune,V2,2026-05-21,2026-07-22
b0233,CA-0233,Rose Bloc Vieux-Longueuil,Cave,Rouge,V3,2026-05-21,2026-08-09
b0234,DA-0234,Rose Bloc Vieux-Longueuil,Dalle,Bleu,V5,2026-05-21,2026-08-05
b0235,DE-0235,Rose Bloc Vieux-Longueuil,Devers,Bleu,V5,2026-05-21,2026-07-20
b0236,CO-0236,Rose Bloc Vieux-Longueuil,Competition,Bleu,V6,2026-05-21,2026-07-24
b0237,TR-0237,Rose Bloc Vieux-Longueuil,Traverse,Noir,V9,2026-05-21,2026-08-03
b0238,AR-0238,Rose Bloc Vieux-Longueuil,Arete,Rouge,V8,2026-05-21,2026-07-30
b0239,PR-0239,Rose Bloc Vieux-Longueuil,Prow,Jaune,V1,2026-05-21,2026-08-03
b0240,TO-0240,Rose Bloc Vieux-Longueuil,Toit,Noir,V10,2026-05-21,2026-07-27
b0241,CA-0241,Rose Bloc Vieux-Longueuil,Cave,Vert,V3,2026-05-21,2026-08-05
b0242,DA-0242,Rose Bloc Vieux-Longueuil,Dalle,Vert,V4,2026-05-21,2026-08-02
b0243,DE-0243,Rose Bloc Vieux-Longueuil,Devers,Vert,V3,2026-05-21,2026-07-20
b0244,CO-0244,Rose Bloc Vieux-Longueuil,Competition,Bleu,V6,2026-05-21,2026-08-06
b0245,TR-0245,Rose Bloc Vieux-Longueuil,Traverse,Rouge,V7,2026-05-21,2026-08-02
b0246,AR-0246,Rose Bloc Vieux-Longueuil,Arete,Bleu,V6,2026-05-21,2026-07-22
b0247,PR-0247,Rose Bloc Vieux-Longueuil,Prow,Rouge,V7,2026-05-21,2026-07-28
b0248,TO-0248,Rose Bloc Vieux-Longueuil,Toit,Rouge,V8,2026-05-21,2026-07-21
b0249,CA-0249,Rose Bloc Vieux-Longueuil,Cave,Noir,V10,2026-05-21,2026-07-24
b0250,DA-0250,Rose Bloc Vieux-Longueuil,Dalle,Noir,V10,2026-05-21,2026-07-25
b0251,CA-0251,Rose Bloc Vieux-Longueuil,Cave,Jaune,V1,2026-06-20,2026-09-02
b0252,DA-0252,Rose Bloc Vieux-Longueuil,Dalle,Vert,V3,2026-06-20,2026-09-05
b0253,DE-0253,Rose Bloc Vieux-Longueuil,Devers,Vert,V4,2026-06-20,2026-08-27
b0254,CO-0254,Rose Bloc Vieux-Longueuil,Competition,Vert,V4,2026-06-20,2026-09-05
b0255,TR-0255,Rose Bloc Vieux-Longueuil,Traverse,Bleu,V5,2026-06-20,2026-09-01
b0256,AR-0256,Rose Bloc Vieux-Longueuil,Arete,Bleu,V6,2026-06-20,2026-09-02
b0257,PR-0257,Rose Bloc Vieux-Longueuil,Prow,Rouge,V8,2026-06-20,2026-08-29
b0258,TO-0258,Rose Bloc Vieux-Longueuil,Toit,Noir,V9,2026-06-20,2026-08-29
b0259,CA-0259,Rose Bloc Vieux-Longueuil,Cave,Noir,V10,2026-06-20,2026-09-08
b0260,DA-0260,Rose Bloc Vieux-Longueuil,Dalle,Jaune,V2,2026-06-20,2026-09-02
b0261,DE-0261,Rose Bloc Vieux-Longueuil,Devers,Jaune,V2,2026-06-20,2026-08-31
b0262,CO-0262,Rose Bloc Vieux-Longueuil,Competition,Vert,V3,2026-06-20,2026-09-07
b0263,TR-0263,Rose Bloc Vieux-Longueuil,Traverse,Vert,V4,2026-06-20,2026-08-20
b0264,AR-0264,Rose Bloc Vieux-Longueuil,Arete,Bleu,V5,2026-06-20,2026-08-23
b0265,PR-0265,Rose Bloc Vieux-Longueuil,Prow,Bleu,V6,2026-06-20,2026-08-20
b0266,TO-0266,Rose Bloc Vieux-Longueuil,Toit,Rouge,V8,2026-06-20,2026-08-25
b0267,CA-0267,Rose Bloc Vieux-Longueuil,Cave,Noir,V9,2026-06-20,2026-08-23
b0268,DA-0268,Rose Bloc Vieux-Longueuil,Dalle,Rouge,V8,2026-06-20,2026-08-23
b0269,DE-0269,Rose Bloc Vieux-Longueuil,Devers,Noir,V9,2026-06-20,2026-08-22
b0270,CO-0270,Rose Bloc Vieux-Longueuil,Competition,Jaune,V1,2026-06-20,2026-09-02
b0271,TR-0271,Rose Bloc Vieux-Longueuil,Traverse,Jaune,V1,2026-06-20,2026-08-21
b0272,AR-0272,Rose Bloc Vieux-Longueuil,Arete,Vert,V4,2026-06-20,2026-09-02
b0273,PR-0273,Rose Bloc Vieux-Longueuil,Prow,Vert,V4,2026-06-20,2026-08-23
b0274,TO-0274,Rose Bloc Vieux-Longueuil,Toit,Jaune,V4,2026-06-20,2026-09-07
b0275,CA-0275,Rose Bloc Vieux-Longueuil,Cave,Rouge,V7,2026-06-20,2026-08-23
b0276,DA-0276,Rose Bloc Vieux-Longueuil,Dalle,Rouge,V8,2026-06-20,2026-09-06
b0277,DE-0277,Rose Bloc Vieux-Longueuil,Devers,Noir,V9,2026-06-20,2026-09-07
b0278,CO-0278,Rose Bloc Vieux-Longueuil,Competition,Noir,V9,2026-06-20,2026-09-02
b0279,TR-0279,Rose Bloc Vieux-Longueuil,Traverse,Noir,V10,2026-06-20,2026-09-02
b0280,AR-0280,Rose Bloc Vieux-Longueuil,Arete,Noir,V10,2026-06-20,2026-08-27
b0281,PR-0281,Rose Bloc Vieux-Longueuil,Prow,Jaune,V1,2026-06-20,2026-09-08
b0282,TO-0282,Rose Bloc Vieux-Longueuil,Toit,Jaune,V2,2026-06-20,2026-08-19
b0283,CA-0283,Rose Bloc Vieux-Longueuil,Cave,Vert,V4,2026-06-20,2026-08-19
b0284,DA-0284,Rose Bloc Vieux-Longueuil,Dalle,Bleu,V5,2026-06-20,2026-09-08
b0285,DE-0285,Rose Bloc Vieux-Longueuil,Devers,Rouge,V7,2026-06-20,2026-08-26
b0286,CO-0286,Rose Bloc Vieux-Longueuil,Competition,Rouge,V7,2026-06-20,2026-09-05
b0287,TR-0287,Rose Bloc Vieux-Longueuil,Traverse,Rouge,V8,2026-06-20,2026-09-05
b0288,AR-0288,Rose Bloc Vieux-Longueuil,Arete,Jaune,V9,2026-06-20,2026-09-03
b0289,PR-0289,Rose Bloc Vieux-Longueuil,Prow,Jaune,V1,2026-06-20,2026-08-20
b0290,TO-0290,Rose Bloc Vieux-Longueuil,Toit,Noir,V10,2026-06-20,2026-08-27
b0291,CA-0291,Rose Bloc Vieux-Longueuil,Cave,Rouge,V2,2026-06-20,2026-09-01
b0292,DA-0292,Rose Bloc Vieux-Longueuil,Dalle,Jaune,V2,2026-06-20,2026-08-21
b0293,DE-0293,Rose Bloc Vieux-Longueuil,Devers,Bleu,V5,2026-06-20,2026-08-31
b0294,CO-0294,Rose Bloc Vieux-Longueuil,Competition,Bleu,V6,2026-06-20,2026-09-02
b0295,TR-0295,Rose Bloc Vieux-Longueuil,Traverse,Bleu,V6,2026-06-20,2026-08-22
b0296,AR-0296,Rose Bloc Vieux-Longueuil,Arete,Rouge,V7,2026-06-20,2026-08-30
b0297,PR-0297,Rose Bloc Vieux-Longueuil,Prow,Rouge,V7,2026-06-20,2026-09-08
b0298,TO-0298,Rose Bloc Vieux-Longueuil,Toit,Noir,V9,2026-06-20,2026-09-06
b0299,CA-0299,Rose Bloc Vieux-Longueuil,Cave,Jaune,V1,2026-06-20,2026-08-24
b0300,DA-0300,Rose Bloc Vieux-Longueuil,Dalle,Noir,V10,2026-06-20,2026-09-07
b0301,CA-0301,Rose Bloc Vieux-Longueuil,Cave,Jaune,V2,2026-07-20,2026-09-23
b0302,DA-0302,Rose Bloc Vieux-Longueuil,Dalle,Vert,V3,2026-07-20,2026-10-05
b0303,DE-0303,Rose Bloc Vieux-Longueuil,Devers,Bleu,V5,2026-07-20,2026-09-24
b0304,CO-0304,Rose Bloc Vieux-Longueuil,Competition,Bleu,V5,2026-07-20,2026-09-29
b0305,TR-0305,Rose Bloc Vieux-Longueuil,Traverse,Bleu,V5,2026-07-20,2026-10-04
b0306,AR-0306,Rose Bloc Vieux-Longueuil,Arete,Rouge,V7,2026-07-20,2026-09-25
b0307,PR-0307,Rose Bloc Vieux-Longueuil,Prow,Rouge,V8,2026-07-20,2026-10-07
b0308,TO-0308,Rose Bloc Vieux-Longueuil,Toit,Bleu,V8,2026-07-20,2026-10-07
b0309,CA-0309,Rose Bloc Vieux-Longueuil,Cave,Noir,V9,2026-07-20,2026-10-08
b0310,DA-0310,Rose Bloc Vieux-Longueuil,Dalle,Jaune,V1,2026-07-20,2026-09-26
b0311,DE-0311,Rose Bloc Vieux-Longueuil,Devers,Jaune,V2,2026-07-20,2026-10-05
b0312,CO-0312,Rose Bloc Vieux-Longueuil,Competition,Jaune,V2,2026-07-20,2026-09-21
b0313,TR-0313,Rose Bloc Vieux-Longueuil,Traverse,Vert,V3,2026-07-20,2026-09-28
b0314,AR-0314,Rose Bloc Vieux-Longueuil,Arete,Noir,V6,2026-07-20,2026-10-07
b0315,PR-0315,Rose Bloc Vieux-Longueuil,Prow,Bleu,V6,2026-07-20,2026-09-29
b0316,TO-0316,Rose Bloc Vieux-Longueuil,Toit,Rouge,V7,2026-07-20,2026-10-08
b0317,CA-0317,Rose Bloc Vieux-Longueuil,Cave,Noir,V9,2026-07-20,2026-10-08
b0318,DA-0318,Rose Bloc Vieux-Longueuil,Dalle,Rouge,V8,2026-07-20,2026-09-25
b0319,DE-0319,Rose Bloc Vieux-Longueuil,Devers,Jaune,V1,2026-07-20,2026-09-29
b0320,CO-0320,Rose Bloc Vieux-Longueuil,Competition,Jaune,V1,2026-07-20,2026-10-01
b0321,TR-0321,Rose Bloc Vieux-Longueuil,Traverse,Jaune,V2,2026-07-20,2026-09-26
b0322,AR-0322,Rose Bloc Vieux-Longueuil,Arete,Vert,V4,2026-07-20,2026-09-25
b0323,PR-0323,Rose Bloc Vieux-Longueuil,Prow,Vert,V3,2026-07-20,2026-09-21
b0324,TO-0324,Rose Bloc Vieux-Longueuil,Toit,Bleu,V5,2026-07-20,2026-09-26
b0325,CA-0325,Rose Bloc Vieux-Longueuil,Cave,Rouge,V7,2026-07-20,2026-09-23
b0326,DA-0326,Rose Bloc Vieux-Longueuil,Dalle,Rouge,V7,2026-07-20,2026-10-03
b0327,DE-0327,Rose Bloc Vieux-Longueuil,Devers,Rouge,V8,2026-07-20,2026-09-22
b0328,CO-0328,Rose Bloc Vieux-Longueuil,Competition,Rouge,V8,2026-07-20,2026-09-24
b0329,TR-0329,Rose Bloc Vieux-Longueuil,Traverse,Noir,V10,2026-07-20,2026-09-23
b0330,AR-0330,Rose Bloc Vieux-Longueuil,Arete,Jaune,V1,2026-07-20,2026-09-18
b0331,PR-0331,Rose Bloc Vieux-Longueuil,Prow,Jaune,V1,2026-07-20,2026-09-26
b0332,TO-0332,Rose Bloc Vieux-Longueuil,Toit,Jaune,V2,2026-07-20,2026-09-27
b0333,CA-0333,Rose Bloc Vieux-Longueuil,Cave,Vert,V3,2026-07-20,2026-09-20
b0334,DA-0334,Rose Bloc Vieux-Longueuil,Dalle,Vert,V4,2026-07-20,2026-09-18
b0335,DE-0335,Rose Bloc Vieux-Longueuil,Devers,Rouge,V7,2026-07-20,2026-09-28
b0336,CO-0336,Rose Bloc Vieux-Longueuil,Competition,Rouge,V8,2026-07-20,2026-09-23
b0337,TR-0337,Rose Bloc Vieux-Longueuil,Traverse,Noir,V9,2026-07-20,2026-09-26
b0338,AR-0338,Rose Bloc Vieux-Longueuil,Arete,Noir,V10,2026-07-20,2026-10-04
b0339,PR-0339,Rose Bloc Vieux-Longueuil,Prow,Noir,V10,2026-07-20,2026-09-21
b0340,TO-0340,Rose Bloc Vieux-Longueuil,Toit,Jaune,V1,2026-07-20,2026-09-23
b0341,CA-0341,Rose Bloc Vieux-Longueuil,Cave,Jaune,V2,2026-07-20,2026-09-19
b0342,DA-0342,Rose Bloc Vieux-Longueuil,Dalle,Jaune,V2,2026-07-20,2026-09-26
b0343,DE-0343,Rose Bloc Vieux-Longueuil,Devers,Bleu,V5,2026-07-20,2026-10-06
b0344,CO-0344,Rose Bloc Vieux-Longueuil,Competition,Vert,V4,2026-07-20,2026-09-26
b0345,TR-0345,Rose Bloc Vieux-Longueuil,Traverse,Bleu,V5,2026-07-20,2026-09-23
b0346,AR-0346,Rose Bloc Vieux-Longueuil,Arete,Rouge,V7,2026-07-20,2026-09-26
b0347,PR-0347,Rose Bloc Vieux-Longueuil,Prow,Rouge,V8,2026-07-20,2026-09-22
b0348,TO-0348,Rose Bloc Vieux-Longueuil,Toit,Noir,V10,2026-07-20,2026-09-25
b0349,CA-0349,Rose Bloc Vieux-Longueuil,Cave,Noir,V9,2026-07-20,2026-09-20
b0350,DA-0350,Rose Bloc Vieux-Longueuil,Dalle,Jaune,V1,2026-07-20,2026-10-06
b0351,CA-0351,Rose Bloc Vieux-Longueuil,Cave,Jaune,V1,2026-08-19,2026-11-03
b0352,DA-0352,Rose Bloc Vieux-Longueuil,Dalle,Vert,V3,2026-08-19,2026-10-18
b0353,DE-0353,Rose Bloc Vieux-Longueuil,Devers,Jaune,V5,2026-08-19,2026-10-26
b0354,CO-0354,Rose Bloc Vieux-Longueuil,Competition,Vert,V4,2026-08-19,2026-11-04
b0355,TR-0355,Rose Bloc Vieux-Longueuil,Traverse,Bleu,V6,2026-08-19,2026-10-31
b0356,AR-0356,Rose Bloc Vieux-Longueuil,Arete,Bleu,V6,2026-08-19,2026-11-05
b0357,PR-0357,Rose Bloc Vieux-Longueuil,Prow,Jaune,V7,2026-08-19,2026-10-24
b0358,TO-0358,Rose Bloc Vieux-Longueuil,Toit,Noir,V10,2026-08-19,2026-10-29
b0360,DA-0360,Rose Bloc Vieux-Longueuil,Dalle,Jaune,V1,2026-08-19,2026-10-29
b0361,DE-0361,Rose Bloc Vieux-Longueuil,Devers,Jaune,V1,2026-08-19,2026-10-24
b0362,CO-0362,Rose Bloc Vieux-Longueuil,Competition,Vert,V4,2026-08-19,2026-10-19
b0363,TR-0363,Rose Bloc Vieux-Longueuil,Traverse,Vert,V4,2026-08-19,2026-10-28
b0364,AR-0364,Rose Bloc Vieux-Longueuil,Arete,Bleu,V4,2026-08-19,2026-10-20
b0365,PR-0365,Rose Bloc Vieux-Longueuil,Prow,Bleu,V5,2026-08-19,2026-10-23
b0366,TO-0366,Rose Bloc Vieux-Longueuil,Toit,Rouge,V8,2026-08-19,2026-10-27
b0367,CA-0367,Rose Bloc Vieux-Longueuil,Cave,Rouge,V7,2026-08-19,2026-10-24
b0368,DA-0368,Rose Bloc Vieux-Longueuil,Dalle,Noir,V10,2026-08-19,2026-10-20
b0369,DE-0369,Rose Bloc Vieux-Longueuil,Devers,Noir,V9,2026-08-19,2026-10-22
b0370,CO-0370,Rose Bloc Vieux-Longueuil,Competition,Noir,V10,2026-08-19,2026-10-28
b0371,TR-0371,Rose Bloc Vieux-Longueuil,Traverse,Jaune,V1,2026-08-19,2026-10-19
b0372,AR-0372,Rose Bloc Vieux-Longueuil,Arete,Jaune,V2,2026-08-19,2026-10-21
b0373,PR-0373,Rose Bloc Vieux-Longueuil,Prow,Vert,V4,2026-08-19,2026-10-26
b0374,TO-0374,Rose Bloc Vieux-Longueuil,Toit,Vert,V4,2026-08-19,2026-11-07
b0375,CA-0375,Rose Bloc Vieux-Longueuil,Cave,Bleu,V6,2026-08-19,2026-10-25
b0376,DA-0376,Rose Bloc Vieux-Longueuil,Dalle,Rouge,V8,2026-08-19,2026-10-24
b0377,DE-0377,Rose Bloc Vieux-Longueuil,Devers,Rouge,V8,2026-08-19,2026-11-07
b0378,CO-0378,Rose Bloc Vieux-Longueuil,Competition,Rouge,V8,2026-08-19,2026-10-26
b0379,TR-0379,Rose Bloc Vieux-Longueuil,Traverse,Rouge,V9,2026-08-19,2026-10-25
b0380,AR-0380,Rose Bloc Vieux-Longueuil,Arete,Jaune,V1,2026-08-19,2026-10-23
b0381,PR-0381,Rose Bloc Vieux-Longueuil,Prow,Vert,V3,2026-08-19,2026-10-30
b0382,TO-0382,Rose Bloc Vieux-Longueuil,Toit,Jaune,V2,2026-08-19,2026-10-20
b0383,CA-0383,Rose Bloc Vieux-Longueuil,Cave,Vert,V4,2026-08-19,2026-10-21
b0384,DA-0384,Rose Bloc Vieux-Longueuil,Dalle,Bleu,V5,2026-08-19,2026-11-05
b0385,DE-0385,Rose Bloc Vieux-Longueuil,Devers,Bleu,V6,2026-08-19,2026-10-21
b0386,CO-0386,Rose Bloc Vieux-Longueuil,Competition,Rouge,V7,2026-08-19,2026-10-26
b0387,TR-0387,Rose Bloc Vieux-Longueuil,Traverse,Noir,V9,2026-08-19,2026-11-06
b0388,AR-0388,Rose Bloc Vieux-Longueuil,Arete,Rouge,V8,2026-08-19,2026-11-03
b0389,PR-0389,Rose Bloc Vieux-Longueuil,Prow,Noir,V9,2026-08-19,2026-10-24
b0390,TO-0390,Rose Bloc Vieux-Longueuil,Toit,Jaune,V1,2026-08-19,2026-10-25
b0391,CA-0391,Rose Bloc Vieux-Longueuil,Cave,Jaune,V2,2026-08-19,2026-10-30
b0392,DA-0392,Rose Bloc Vieux-Longueuil,Dalle,Vert,V4,2026-08-19,2026-11-01
b0393,DE-0393,Rose Bloc Vieux-Longueuil,Devers,Vert,V4,2026-08-19,2026-11-07
b0394,CO-0394,Rose Bloc Vieux-Longueuil,Competition,Bleu,V5,2026-08-19,2026-10-26
b0395,TR-0395,Rose Bloc Vieux-Longueuil,Traverse,Bleu,V6,2026-08-19,2026-10-21
b0396,AR-0396,Rose Bloc Vieux-Longueuil,Arete,Bleu,V6,2026-08-19,2026-10-26
b0398,TO-0398,Rose Bloc Vieux-Longueuil,Toit,Rouge,V8,2026-08-19,2026-10-23
b0399,CA-0399,Rose Bloc Vieux-Longueuil,Cave,Noir,V9,2026-08-19,2026-11-03
b0400,DA-0400,Rose Bloc Vieux-Longueuil,Dalle,Jaune,V2,2026-08-19,2026-10-28
